Ticker,CUSIP,Company,# Funds,Mkt Cap,1M,3M,1Y,3Y,5Y,FDGRX (Fid Growth),FBGRX (Fid Blue Chip Growth),FOCPX (Fid OTC),Atreides (Baker),PRWCX / Capital Appreciation,Durable Capital (Ellenbogen),Tiger Global (Coleman),Lone Pine (Mandel),TCI Fund (Hohn),AltaRock Partners,Akre Capital (Akre),Pershing Square (Ackman),Fundsmith (T. Smith),Coatue (Laffont),Viking Global (Halvorsen),D1 Capital (Sundheim),Whale Rock (Grayson),Dragoneer (McCarthy),Maverick Capital (Ainslie),Third Point (Loeb),Greenoaks Capital,Senator Investment,Citadel (Griffin),Point72 (Cohen),Baillie Gifford,SEQUX / Sequoia,TRBCX / T. Rowe Price Blue Chip Grow,FMAGX / Fidelity Magellan,PRGFX / T. Rowe Price Growth Stock,TRMCX / T. Rowe Price Mid-Cap Value,PRNHX / T. Rowe Price New Horizons
AMZN,023135106,AMAZON.COM INC,23,$2655.1B,-7.6%,+3.3%,+12.0%,+93.6%,+49.1%,5.30%,5.81%,8.11%,1.61%,3.33%,,9.62%,,,32.21%,,17.39%,,5.80%,2.51%,0.43%,4.68%,10.69%,4.25%,8.93%,4.55%,3.65%,1.40%,1.41%,5.82%,,3.29%,5.76%,1.29%,,
GOOGL,02079K305,ALPHABET INC,21,$4191.8B,-1.0%,-4.0%,+39.4%,+164.4%,+157.5%,4.43%,9.25%,9.14%,1.22%,2.57%,,8.65%,0.47%,1.66%,0.35%,,,4.64%,3.57%,,0.76%,6.88%,,,7.84%,,,1.46%,0.37%,0.91%,9.21%,5.81%,3.98%,11.60%,,
META,30303M102,META PLATFORMS INC,20,$1823.0B,+23.9%,+27.1%,-3.5%,+140.7%,+112.7%,2.82%,2.30%,2.15%,6.30%,2.48%,,6.63%,,,,,11.10%,4.34%,2.93%,3.00%,0.92%,2.06%,,3.80%,,,1.88%,1.65%,0.59%,1.64%,,3.48%,3.38%,3.09%,,
TSM,874039100,TAIWAN SEMICONDUCTOR MFG CO LTD,19,$2348.9B,+8.8%,-4.9%,+67.4%,+442.4%,+339.5%,,1.13%,2.77%,,,,9.72%,0.30%,,,,,4.02%,8.76%,4.31%,,2.26%,,3.00%,4.70%,3.34%,3.67%,0.99%,0.91%,0.42%,5.37%,1.02%,2.74%,0.99%,,
MSFT,594918104,MICROSOFT CORP,17,$3781.2B,-0.8%,+36.8%,+0.4%,+65.1%,+86.8%,5.94%,4.99%,5.94%,,3.28%,,3.53%,,,20.54%,,15.26%,4.36%,2.25%,1.55%,,,,2.74%,,,,2.00%,0.25%,0.92%,,4.33%,4.47%,4.07%,,
NVDA,67066G104,NVIDIA CORP,16,$5526.3B,+5.3%,+14.5%,+28.7%,+427.7%,+1020.4%,15.76%,14.73%,13.36%,1.74%,2.69%,,9.34%,,,,,,,2.49%,,,0.61%,,5.40%,,,2.46%,2.72%,0.33%,7.60%,,15.72%,10.68%,13.49%,,
V,92826C839,VISA INC,15,$690.4B,-3.6%,+7.4%,+9.9%,+63.6%,+68.5%,0.91%,,,,0.94%,,1.14%,0.35%,19.83%,6.77%,7.44%,,5.08%,,6.25%,,,,2.28%,,,3.95%,,0.47%,,,2.42%,2.10%,2.12%,,
AMD,007903107,ADVANCED MICRO DEVICES INC,13,$992.3B,+30.6%,+4.6%,+281.2%,+491.2%,+505.7%,0.56%,1.09%,1.90%,,1.83%,,1.63%,,,,,,,,,,7.04%,19.35%,5.01%,,,,2.21%,1.14%,,,3.58%,3.96%,3.79%,,
AVGO,11135F101,BROADCOM INC,13,$1668.7B,-5.0%,-7.3%,+5.3%,+334.8%,+680.2%,2.29%,4.37%,3.71%,,2.52%,,2.76%,,,,,,,4.54%,,,,,,,,2.24%,0.90%,0.73%,0.47%,,5.89%,4.83%,5.61%,,
SPCX,84615Q103,SPACE EXPLORATION TECHN CORP,12,$1917.6B,+2.8%,-14.9%,—,—,—,,,,32.58%,,,0.27%,,,,,,,6.52%,0.58%,61.91%,,48.22%,,0.66%,1.87%,,0.37%,,7.97%,,0.33%,,0.33%,,
CVNA,146869102,CARVANA CO,12,$43.5B,-18.3%,-8.1%,-18.1%,+620.2%,-1.1%,,0.34%,,,,4.30%,,4.23%,,,,,,0.44%,2.31%,0.72%,2.25%,,1.53%,,59.61%,2.73%,,,,,3.20%,,0.74%,,
MA,57636Q104,MASTERCARD INC,12,$497.8B,-4.5%,+10.8%,+1.2%,+46.1%,+65.7%,0.63%,0.83%,,0.34%,1.49%,,,,,9.26%,19.95%,,4.69%,,,,,,,,,,,0.31%,0.80%,,1.74%,1.86%,1.66%,,
GOOG,02079K107,ALPHABET INC,12,$4147.9B,-1.0%,-3.9%,+37.6%,+159.7%,+154.5%,3.12%,0.26%,4.58%,,1.55%,,,,6.65%,,,0.65%,,0.66%,,,,,4.50%,,,,0.92%,,0.99%,,6.27%,3.40%,,,
TSLA,88160R101,TESLA INC,11,$1411.8B,+2.5%,-15.0%,-18.8%,+42.9%,+37.3%,1.69%,1.24%,1.55%,0.60%,,,,,,,,,,,0.66%,0.49%,,,,,,,2.73%,0.33%,0.28%,,2.57%,,2.70%,,
AMAT,038222105,APPLIED MATERIALS INC,10,$386.3B,+5.4%,-32.6%,+140.0%,+259.9%,+295.5%,,0.31%,0.68%,,,,4.92%,5.34%,,,,,,6.26%,,,,,,,,1.72%,0.54%,0.63%,,,2.45%,,1.91%,,
AAPL,037833100,APPLE INC,9,$4938.7B,+5.8%,+17.0%,+33.0%,+100.3%,+142.9%,7.56%,9.28%,11.63%,,1.63%,,,,,,,,,,,,,,,,,,1.99%,0.28%,0.46%,,4.43%,,5.73%,,
MU,595112103,MICRON TECHNOLOGY INC,9,$1190.4B,+13.0%,-8.7%,+571.2%,+1466.6%,+1408.7%,,1.95%,2.11%,5.73%,1.03%,,,,,,,,,7.46%,,,,,,,,,4.50%,1.13%,,,2.61%,,3.79%,,
LRCX,512807306,LAM RESEARCH CORP,9,$393.5B,+4.3%,-27.4%,+146.2%,+414.4%,+482.9%,,0.49%,0.86%,,,,5.72%,,,,,,,8.41%,,,2.58%,,,,,,0.45%,,,,2.48%,2.82%,2.21%,,
GEV,36828A101,GE VERNOVA INC,9,$253.0B,+4.1%,-19.2%,+57.3%,—,—,0.33%,0.73%,0.69%,,,,3.91%,,,,,,3.53%,6.18%,,,,,,,,,0.35%,,,,1.08%,,0.81%,,
APP,03831W108,APPLOVIN CORP,9,$103.5B,-3.0%,-40.2%,-54.0%,+671.4%,+315.6%,0.90%,1.13%,,,,,,3.28%,,,,,2.63%,1.24%,,0.99%,1.91%,,,,,,,,3.03%,,,,0.58%,,
INTC,458140100,INTEL CORP,9,$609.7B,+29.7%,-16.9%,+226.8%,+231.8%,+135.5%,0.29%,,1.36%,0.65%,,,2.48%,,,,,,,3.47%,,,0.29%,,4.53%,,,,0.95%,0.62%,,,,,,,
NFLX,64110L106,NETFLIX INC,9,$288.3B,-15.3%,-3.0%,-42.8%,+83.3%,+15.6%,0.87%,0.50%,0.90%,,,,,,,,,,3.66%,0.69%,,,,,,,,,0.58%,,1.05%,,1.44%,,1.17%,,
DASH,25809K105,DOORDASH INC,8,$77.3B,-24.6%,-3.3%,-32.0%,+124.5%,-13.3%,,0.27%,,,0.84%,7.46%,,,,,,,,,,0.69%,,,,,3.91%,,,,1.14%,,0.32%,,0.54%,,
SE,81141R100,SEA LTD,8,$60.6B,-17.1%,+3.2%,-46.4%,+125.1%,-68.3%,,,,,,,5.02%,0.29%,,,,,,,1.55%,0.46%,,,,,,,,0.34%,3.34%,,0.36%,,0.34%,,
UNH,91324P102,UNITEDHEALTH GROUP INC,8,$339.1B,-3.3%,-8.5%,+12.7%,-20.2%,+3.3%,,0.63%,,,,,0.52%,,,,,,,,,,,,,,,2.83%,0.62%,0.53%,,3.19%,0.55%,,0.41%,,
DHR,235851102,DANAHER CORP,7,$159.8B,+5.2%,+19.3%,+23.7%,+5.1%,-14.4%,,,,,1.11%,,0.36%,,,,,,,,,1.25%,,,,2.20%,,2.37%,,,,,0.42%,,0.31%,,
GE,369604301,GE AEROSPACE,6,$330.2B,-7.1%,-14.7%,+8.4%,+266.4%,+391.9%,0.35%,0.42%,,,,,,,33.59%,,,,,,,,,,,,,,,,,,1.91%,2.06%,2.00%,,
CPNG,22266T109,COUPANG INC,6,$24.7B,-16.8%,-20.8%,-57.3%,-19.1%,-51.3%,,,,,,0.66%,2.64%,,,,,,,,,0.51%,,,,,18.94%,,,0.49%,1.24%,,,,,,
SNDK,80004C200,SANDISK CORP/DE,6,$250.8B,+15.3%,-24.7%,+1663.7%,—,—,3.89%,1.26%,,,,,,,,,,,,,,,10.89%,,,,,,2.55%,0.47%,,,,,0.83%,,
ALAB,04626A103,ASTERA LABS INC,6,$60.9B,+21.4%,-27.3%,+77.6%,—,—,0.79%,0.59%,,4.10%,,,,,,,,,,,,,6.08%,,4.55%,,,,,,,,,,,,0.33%
COF,14040H105,CAPITAL ONE FINL CORP,6,$120.5B,-8.9%,-1.7%,-11.0%,+112.1%,+28.8%,,,,,,,,,,,,,,,,0.63%,,,2.45%,3.54%,,1.71%,,0.58%,,4.59%,,,,,
SHOP,82509L107,SHOPIFY INC,6,$185.3B,-5.8%,+26.1%,+2.7%,+163.9%,+6.9%,,,0.71%,,,2.59%,,,,,,,,,,0.27%,,,,,,,,,2.94%,,0.64%,,0.53%,,
SNOW,833445109,SNOWFLAKE INC,6,$115.8B,+0.0%,+28.9%,+46.1%,+114.8%,+11.7%,,,,,,,,,,,,,,,0.70%,,1.81%,,2.20%,,,,0.28%,0.93%,0.60%,,,,,,
PANW,697435105,PALO ALTO NETWORKS INC,6,$320.7B,+5.5%,+15.0%,+93.7%,+234.5%,+397.3%,,0.50%,1.04%,2.09%,,,,,,,,,,,,,,,,,,,0.33%,0.32%,,,,1.63%,,,
KLAC,482480100,KLA CORP,6,$246.9B,+7.8%,-37.2%,+78.7%,+322.4%,+492.3%,0.34%,,0.37%,,,,,,,,,,,,,,,,,,,,0.32%,,0.26%,,,3.53%,0.79%,,
MRVL,573874104,MARVELL TECHNOLOGY INC,6,$226.4B,+16.3%,-15.4%,+203.5%,+369.7%,+326.6%,0.57%,0.94%,0.56%,,,,,,,,,,,,,,,,,,,,0.62%,,,,1.03%,,0.60%,,
CRWD,22788C105,CROWDSTRIKE HOLDINGS INC,6,$265.5B,+18.7%,+35.9%,+115.4%,+519.5%,+332.9%,0.35%,0.57%,0.81%,,,,,,,,,,,,,,,,,,,,0.49%,,,,0.59%,,1.05%,,
ORCL,68389X105,ORACLE CORP,6,$400.9B,-12.1%,-9.2%,-52.7%,+29.7%,+55.4%,1.01%,0.36%,,,,,,,,,,,,,,,,,,,,,0.43%,0.78%,,,0.75%,,0.48%,,
MCO,615369105,MOODYS CORP,5,$79.7B,-10.7%,+1.8%,-2.7%,+49.1%,+33.6%,,,,,,,,,12.30%,3.23%,10.23%,,,,,,,,,,,,,,0.29%,,,1.26%,,,
CBRS,15675D103,CEREBRAS SYSTEMS INC,5,$46.7B,+9.9%,-11.0%,—,—,—,,,,5.87%,,,2.76%,,,,,,,3.19%,,,,3.12%,,,1.41%,,,,,,,,,,
MELI,58733R102,MERCADOLIBRE  INC,5,$86.8B,-12.9%,+0.9%,-30.6%,+35.1%,+3.0%,,,,,,5.10%,1.08%,,,,,,,,,1.35%,,,,,,,,,4.68%,,,,0.31%,,
LLY,532457108,ELI LILLY and CO,5,$1056.5B,+0.9%,-1.1%,+64.6%,+125.2%,+438.2%,2.24%,2.69%,,,,,,,,,,,,,,,,,,,,,0.71%,,,,3.14%,,3.33%,,
APG,00187Y100,API GROUP CORP,5,$16.6B,-3.4%,-9.4%,+12.1%,+121.8%,+175.5%,,,,,,5.00%,,,,,,,,,,,,,,2.60%,,,,,,,,1.03%,,1.06%,0.71%
NTRA,632307104,NATERA INC,5,$59.4B,+26.2%,+51.7%,+152.7%,+830.6%,+282.6%,,,,,,,,,,,,,,1.40%,0.30%,,,,3.25%,,,0.32%,,,,,,,,,1.51%
TMO,883556102,THERMO FISHER SCIENTIFIC INC,5,$250.9B,+9.2%,+35.5%,+46.7%,+35.4%,+18.8%,,,,,,,,,,,,,,,2.77%,1.18%,,,,,,1.83%,,,0.29%,,0.42%,,,,
TXN,882508104,TEXAS INSTRS INC,5,$254.2B,+7.6%,-6.2%,+54.7%,+90.7%,+66.1%,,,,,,,,,,,,,3.93%,,,0.35%,,,,,,,,0.50%,0.42%,,0.84%,,,,
RDDT,75734B100,REDDIT INC,5,$27.5B,-6.5%,-17.6%,-40.4%,—,—,,,,,,,1.83%,,,,,,,1.00%,0.77%,1.23%,,,,,,,,,1.13%,,,,,,
WDC,958102105,WESTERN DIGITAL CORP,5,$163.4B,-1.3%,-29.0%,+324.8%,+1220.5%,+962.7%,0.29%,1.62%,,,,,,,,,,,,,,,2.05%,,,,,,0.64%,,,,,1.06%,,,
AFRM,00827B106,AFFIRM HLDGS INC,5,$22.7B,-13.6%,-17.6%,-11.6%,+216.0%,-40.4%,,,,0.72%,,3.51%,,,,,,,,,,0.45%,,,,,,,,,0.43%,,,,,,0.28%
CAT,149123101,CATERPILLAR INC,5,$376.9B,+2.5%,-22.9%,+77.6%,+213.3%,+351.6%,,0.25%,,,,,,,,,,,,,,,,,,,,,0.64%,,,,0.83%,2.00%,1.35%,,
ANET,040413205,ARISTA NETWORKS INC,5,$258.5B,+4.9%,+20.6%,+43.8%,+345.6%,+847.7%,,,0.64%,,0.76%,,,,,,,,,,,,,,,,,,,1.04%,,,,1.52%,0.38%,,
APH,032095101,AMPHENOL CORPORATION NEW,5,$208.7B,+7.5%,-3.9%,+39.0%,+312.5%,+374.9%,,0.29%,0.38%,0.79%,,,,,,,,,,,,,,,,,,,,,,,,1.78%,0.91%,,
ISRG,46120E602,INTUITIVE SURGICAL INC,5,$148.6B,+11.3%,+4.3%,-6.0%,+41.9%,+25.4%,,,,,,,,,,,,,,0.65%,,0.66%,,,,,,,,,0.91%,,0.89%,,0.99%,,
TDG,893641100,TRANSDIGM GROUP INC,4,$61.3B,-6.5%,-16.7%,-14.4%,+53.9%,+110.3%,,,,,,,,,,27.51%,,,,,,,,,,2.25%,,,,,,,0.27%,1.40%,,,
GLW,219350105,CORNING INC,4,$130.6B,+1.9%,-40.5%,+92.7%,+429.7%,+362.7%,0.56%,,,,,,,4.26%,,,,,,,,,4.58%,,,,,,,,,,,,,1.25%,
WAT,941848103,WATERS CORP,4,$43.5B,+6.8%,+18.1%,+51.8%,+61.5%,+21.3%,,,,,1.12%,,,,,,,,6.25%,,1.78%,,,,,,,,,,,,,,,0.99%,
BA,097023105,BOEING CO,4,$145.7B,-12.1%,-14.8%,-16.7%,-3.8%,-18.2%,,0.55%,,,,,,,,,,,,,2.02%,,,,,,,5.11%,,,,,,,0.52%,,
MKSI,55306N104,MKS INC.,4,$17.5B,+1.0%,-41.9%,+113.0%,+204.9%,+78.2%,,,,,,,,,,,,,,,,,4.54%,,,,,1.06%,,1.01%,,,,,,1.32%,
HD,437076102,HOME DEPOT INC,4,$289.2B,-11.6%,-17.2%,-27.3%,+3.6%,-2.3%,0.34%,,,,,,,5.61%,,,,,,,0.93%,,,,,,,,,0.50%,,,,,,,
PFGC,71377A103,PERFORMANCE FOOD GROUP CO,4,$14.4B,-8.8%,-17.7%,-11.8%,+56.3%,+90.9%,,,,,,,,4.00%,,,,,,,,,,,1.25%,1.62%,,,,,,,,,,,0.46%
SHW,824348106,SHERWIN WILLIAMS CO,4,$80.8B,-3.5%,-3.1%,-1.7%,+34.0%,+23.4%,,,,,,,0.37%,,,,,,,,3.80%,1.24%,,,1.75%,,,,,,,,,,,,
PM,718172109,PHILIP MORRIS INTERNATIONAL INC,4,$302.0B,+1.0%,+7.1%,+21.8%,+134.7%,+143.0%,0.58%,,,,,,,,,,,,3.86%,,,,,,2.33%,,,,,,0.32%,,,,,,
CIEN,171779309,CIENA CORP,4,$48.8B,-9.1%,-29.8%,+142.5%,+628.3%,+570.7%,3.76%,,,2.36%,,,,,,,,,,,,,,,,,,,,,,,,,0.31%,0.66%,
XYZ,852234103,BLOCK INC,4,$44.0B,-12.3%,-3.5%,-0.5%,+65.6%,-68.9%,,,,,,,1.45%,,,,,,,,,,,,,4.16%,,,,0.47%,,,,,,0.97%,
MDLN,58507V107,MEDLINE INC,4,$30.8B,-0.6%,-11.1%,—,—,—,,,,,,1.01%,,5.06%,,,,,,,0.54%,,,,,,,,,,0.41%,,,,,,
TWLO,90138F102,TWILIO INC,4,$44.1B,+20.7%,+39.1%,+180.4%,+390.3%,-8.3%,,0.43%,,1.04%,,3.70%,,,,,,,,,,,1.36%,,,,,,,,,,,,,,
UAL,910047109,UNITED AIRLINES HOLDINGS INC,4,$36.2B,+0.8%,-18.0%,+13.9%,+163.6%,+128.9%,0.33%,0.39%,,,,,,,,,,,,,,,,,,,,5.34%,,0.29%,,,,,,,
DKS,253393102,DICKS SPORTING GOODS INC,4,$13.2B,+0.3%,-40.3%,-39.6%,+32.8%,+18.8%,,,,0.59%,,,,,,,,,,,0.72%,,,,2.95%,,,1.66%,,,,,,,,,
NOW,81762P102,SERVICENOW INC,4,$135.9B,-9.2%,+32.4%,-29.8%,+17.6%,+6.3%,,,,,,,0.36%,,,,2.42%,,,,,,,,,,,,,,,,0.48%,,0.52%,,
MLM,573284106,MARTIN MARIETTA MATLS INC,4,$34.9B,-7.4%,-14.8%,-19.6%,+21.6%,+43.0%,,,,,,,,,1.44%,,,,,,,0.57%,,,,,,,,,0.52%,,,1.20%,,,
TJX,872540109,TJX COMPANIES INC,4,$143.3B,-3.6%,-13.8%,-7.9%,+52.4%,+100.3%,0.41%,0.30%,,,,,,,,,,,2.52%,,,,,,,,,,,,,,0.42%,,,,
ARGX,04016X101,ARGENX SE,4,$60.5B,-5.0%,+4.8%,+36.6%,+97.8%,+229.6%,0.52%,,0.95%,,,,,,,,,,,,,,,,,,,,,,,,,,0.42%,,1.31%
ALNY,02043Q107,ALNYLAM PHARMACEUTICALS INC,4,$34.2B,+7.7%,-15.2%,-42.8%,+44.2%,+43.9%,0.41%,,1.02%,,0.87%,,,,,,,,,,,,,,,,,,,,0.67%,,,,,,
DDOG,23804L103,DATADOG INC,4,$96.5B,+13.4%,+3.2%,+93.2%,+195.0%,+94.5%,,,1.31%,,,,,,,,,,,,,,,,,,,,,,0.32%,,0.25%,,,,0.99%
RBC,75524B104,RBC BEARINGS INC,3,$16.0B,+0.7%,-21.7%,+31.0%,+115.4%,+144.5%,,,,,,10.70%,,,,,,,,,,,,,,,,,,,0.44%,,,,,,0.86%
TTMI,87305R109,TTM TECHNOLOGIES INC,3,$13.1B,+4.7%,-33.6%,+122.6%,+864.2%,+878.6%,,,,,,,,3.13%,,,,,,,,,6.35%,,,2.02%,,,,,,,,,,,
HUT,44812J104,HUT 8 CORP,3,$11.4B,+16.7%,-19.7%,+179.6%,+850.9%,+137.4%,,,,,,,,4.07%,,,,,,2.31%,,,,,,3.25%,,,,,,,,,,,
FWONK,531229755,LIBERTY MEDIA CORP DEL,3,$23.8B,-6.8%,-0.3%,-9.6%,+52.3%,+93.1%,,,,,,,0.90%,,,,,,,,,,,,,,,,,0.26%,,7.21%,,,,,
SCHW,808513105,SCHWAB CHARLES CORP,3,$170.0B,-10.8%,+6.8%,+4.3%,+86.6%,+39.4%,,,,,,,,,,,,,,,2.80%,0.65%,,,,,,,,,,4.27%,,,,,
TTAN,81764X103,SERVICETITAN INC,3,$5.8B,-40.0%,-15.3%,-43.0%,—,—,,,,0.27%,,,,,,,,,,,,,,2.50%,,,3.90%,,,,,,,,,,
MTZ,576323109,MASTEC INC,3,$16.4B,-15.3%,-50.9%,-1.9%,+183.6%,+130.7%,,,,,,,,3.42%,,,,,,0.44%,,,,,,2.58%,,,,,,,,,,,
COHR,19247G107,COHERENT CORP,3,$55.3B,+1.2%,-28.4%,+164.0%,+765.3%,+374.5%,,,,1.77%,,,,,,,,,,,,,3.87%,,,,,,,,,,,,0.29%,,
SGI,88023U101,SOMNIGROUP INTERNATIONAL INC,3,$13.1B,-3.2%,-20.4%,-24.0%,+47.8%,+35.9%,,,,,,,,,,,,,,,,1.12%,,,,4.31%,,,,0.26%,,,,,,,
CCC,12510Q100,CCC INTELLIGENT SOLUTIONS HL,3,$3.9B,-11.6%,+28.3%,-28.9%,-50.4%,-35.5%,,,,,,,,,,,3.01%,,,,,,,1.67%,,,,,,,,,,,,0.48%,
USFD,912008109,US FOODS HLDG CORP,3,$20.3B,-12.6%,-8.3%,+22.3%,+136.1%,+157.9%,,,,,,,,3.07%,,,,,,,0.51%,1.32%,,,,,,,,,,,,,,,
SITM,82982T106,SITIME CORP,3,$19.7B,+17.7%,-11.9%,+124.3%,+474.7%,+243.8%,0.67%,,0.53%,,,,,,,,,,,,,,3.36%,,,,,,,,,,,,,,
VMC,929160109,VULCAN MATLS CO,3,$31.9B,-10.3%,-16.4%,-17.1%,+24.6%,+47.4%,,,,,,,,,1.37%,,,,,,,,,,1.66%,,,,,,,,,1.16%,,,
NET,18915M107,CLOUDFLARE INC,3,$126.0B,+18.1%,+44.3%,+63.6%,+461.5%,+215.1%,0.55%,0.35%,,,,,,,,,,,,,,,,,,,,,,,3.25%,,,,,,
ULS,903731107,UL SOLUTIONS INC,3,$13.1B,-12.8%,-36.3%,-6.1%,—,—,,,,,,2.91%,,,,,,,,,,,,,,,,0.93%,,,,,,,,,0.30%
TECH,09073M104,BIO-TECHNE CORP,3,$11.4B,+0.2%,+2.7%,+40.6%,+8.2%,-39.5%,,,,,,0.34%,,,,,,,,,,,,,0.96%,,,,,,,2.71%,,,,,
UNP,907818108,UNION PAC CORP,3,$162.8B,-10.4%,+1.2%,+19.0%,+43.8%,+52.1%,,,,,,,,,,,,,,,1.59%,,,,,2.04%,,,,0.29%,,,,,,,
AKAM,00971T101,AKAMAI TECHNOLOGIES INC,3,$15.7B,+1.4%,-7.8%,+43.3%,+2.3%,+3.1%,,,,0.75%,,,,,,,,,,,,,,,,,,2.76%,,0.35%,,,,,,,
NXT,65290E101,NEXTPOWER INC,3,$12.0B,-7.4%,-33.6%,+8.3%,+97.0%,—,,,0.68%,,,,,,,,,,2.49%,,,,,,,,,,,,,,,,,,0.42%
JPM,46625H100,J.P. MORGAN CHASE & CO.,3,$894.7B,-5.9%,+3.3%,+8.5%,+147.9%,+129.9%,,,,,0.36%,,,,,,,,,,2.71%,,,,,,,,0.47%,,,,,,,,
ENTG,29362U104,ENTEGRIS INC,3,$23.0B,+11.6%,-16.2%,+62.4%,+62.2%,+21.8%,,,,,,0.51%,,,,,,,,,,,,,,,,,,,,,,,,0.92%,1.75%
MSCI,55354G100,MSCI INC,3,$39.5B,-4.9%,-2.7%,-2.6%,+9.9%,-5.9%,,,,,0.48%,,,,,,,,,,1.85%,,,,,,,,,,0.40%,,,,,,
IBKR,45841N107,INTERACTIVE BROKERS GROUP IN,3,$39.5B,-9.1%,+0.1%,+32.3%,+308.8%,+452.4%,,,,,,,,0.31%,,,,,,,1.20%,,,,,,,,,,,,,1.20%,,,
AEE,023608102,AMEREN CORPORATION,3,$27.5B,-5.7%,-11.5%,+0.1%,+45.6%,+39.9%,,,,,1.15%,,,,,,,,,,,,,,,,,,,0.27%,,,,,,1.27%,
AUR,051774107,AURORA INNOVATION INC,3,$10.6B,-9.3%,-22.4%,-3.9%,+125.1%,-46.7%,,,,,1.57%,0.72%,,,,,,,,,,,,,,,,,,,0.34%,,,,,,
U,91332U101,UNITY SOFTWARE INC,3,$17.5B,-8.0%,+39.5%,-6.8%,+27.0%,-68.3%,,,,2.04%,,,,,,,,,,,,0.29%,,,,,,,,0.28%,,,,,,,
IOT,79589L106,SAMSARA INC,3,$22.2B,-7.8%,+17.0%,-0.2%,+50.5%,—,,,,0.52%,,,,,,,,,,,,,,,,,,,,,1.66%,,,,,,0.36%
COST,22160K105,COSTCO WHOLESALE CORP,3,$409.1B,-2.4%,-1.2%,+1.3%,+70.0%,+115.6%,0.36%,,,,,,,,,,,,,,,,,,,,,,0.39%,,,,,1.55%,,,
KDP,49271V100,KEURIG DR PEPPER INC,3,$42.8B,-2.2%,-3.9%,+26.4%,+8.0%,+3.5%,,,,,0.74%,,,,,,,,,,,,,,,,,,,0.53%,,,,,,1.03%,
LSCC,518415104,LATTICE SEMICONDUCTOR CORP,3,$17.6B,+8.4%,-18.9%,+73.8%,+44.3%,+93.8%,,,,,,,,,,,,,,,,0.48%,,,,,,,,0.26%,,,,,,,1.41%
MRNA,60770K107,MODERNA INC,3,$78.8B,+43.0%,+181.7%,+705.6%,+91.0%,-47.9%,0.30%,,0.68%,,,,,,,,,,,,,,,,,,,,,,1.16%,,,,,,
VRT,92537N108,VERTIV HOLDINGS CO,3,$94.0B,-5.0%,-27.1%,+76.2%,+558.6%,+910.2%,,,,,,,,,,,,,,0.56%,,,,,,,,0.84%,,,,,,,0.62%,,
MS,617446448,MORGAN STANLEY,3,$304.1B,-9.8%,-6.9%,+23.7%,+159.9%,+128.1%,,,,,,,,,,,,,,,0.97%,,,,,,,,,,,,0.51%,,0.53%,,
MPWR,609839105,MONOLITHIC POWER SYSTEMS INC,3,$66.4B,+7.6%,-2.3%,+53.3%,+198.4%,+188.8%,,0.91%,,,,,,,,,,,,,,0.34%,,,,,,,,,,,0.71%,,,,
COMP,20464U100,COMPASS INC,3,$7.0B,-17.0%,-26.2%,+14.5%,+213.8%,-30.1%,,,,0.49%,,,,,,,,,,,,0.54%,,,0.64%,,,,,,,,,,,,
ATI,01741R102,ATI INC,3,$24.6B,-14.3%,-8.3%,+118.2%,+339.1%,+969.1%,,,,,,,,,,,,,,,0.65%,,,,,,,0.58%,,0.28%,,,,,,,
RVMD,76155X100,REVOLUTION MEDICINES INC,3,$43.2B,-3.0%,+7.7%,+359.3%,+628.8%,+628.8%,0.39%,,0.44%,,,,,,,,,,,,,,,,,,,,,,,,,,,,0.67%
FIX,199908104,COMFORT SYSTEMS USA INC,3,$58.4B,+9.2%,-16.3%,+106.6%,+882.5%,+2218.7%,,0.51%,,,,,,,,,,,,,,,,,,,,,,0.42%,0.38%,,,,,,
PLTR,69608A108,PALANTIR TECHNOLOGIES INC,3,$450.5B,+0.6%,+60.7%,+5.6%,+1071.7%,+664.6%,,0.33%,0.56%,,,,,,,,,,,,,,,,,,,,0.40%,,,,,,,,
HOOD,770700102,ROBINHOOD MARKETS INC,3,$104.7B,+11.7%,+16.1%,-4.4%,+1087.2%,+170.0%,0.28%,0.30%,,,,,,,,,,,,,,,,,,,,,0.33%,,,,,,,,
BN,11271J107,BROOKFIELD CORP,2,$81.0B,-12.1%,-14.7%,-20.0%,+77.5%,+31.7%,,,,,,,,,,,10.08%,17.62%,,,,,,,,,,,,,,,,,,,
UBER,90353T100,UBER TECHNOLOGIES INC,2,$139.2B,-13.5%,-5.5%,-30.8%,+48.2%,+53.1%,,,,,,,,,,,,15.71%,4.73%,,,,,,,,,,,,,,,,,,
SPGI,78409V104,S&P GLOBAL INC,2,$116.7B,-10.6%,+3.0%,-13.3%,+17.3%,+2.3%,,,,,,,,,10.87%,,,,,,,,,,,,,,,,,,,1.18%,,,
MAR,571903202,MARRIOTT INTL INC NEW,2,$93.5B,+2.1%,-3.0%,+36.8%,+87.6%,+146.2%,,,,,,,,,,,,,7.02%,,,,,,,,,,,,,,,1.37%,,,
FERG,31488V107,FERGUSON ENTERPRISES INC,2,$44.0B,-0.5%,-3.9%,+2.2%,+45.8%,+79.8%,,,,,,6.88%,,,,,,,,,,0.87%,,,,,,,,,,,,,,,
Q,74743L100,QNITY ELECTRONICS INC,2,$26.1B,+3.9%,-23.5%,—,—,—,,,,,,7.23%,,,,,,,,,,0.39%,,,,,,,,,,,,,,,
SYK,863667101,STRYKER CORPORATION,2,$105.6B,-16.7%,-12.6%,-24.6%,+3.4%,+8.0%,,,,,,,,,,,,,6.72%,,,,,,,,,,,,,,,,0.47%,,
CSGP,22160N109,COSTAR GROUP INC,2,$10.9B,-16.1%,-4.6%,-67.8%,-64.9%,-68.4%,,,,,,,,,,,6.47%,,,,,,,,,,,,,,0.34%,,,,,,
CRS,144285103,CARPENTER TECHNOLOGY CORP,2,$19.1B,-19.1%,-37.5%,+53.9%,+483.1%,+1133.4%,,,,,,,,3.63%,,,,,,,,,,,,2.84%,,,,,,,,,,,
PG,742718109,PROCTER & GAMBLE CO,2,$346.1B,+3.7%,+2.4%,+0.6%,+10.6%,+19.3%,,,,,,,,,,,,,4.38%,,,,,,,,,,,1.09%,,,,,,,
KEYS,49338L103,KEYSIGHT TECHNOLOGIES INC,2,$61.2B,+12.4%,+2.8%,+107.5%,+171.9%,+115.6%,,,,,,,,,,,,,,,,,,,,4.38%,,,,,,,,,,0.66%,
ORLY,67103H107,OREILLY AUTOMOTIVE INC,2,$70.0B,-2.2%,-6.1%,-18.5%,+42.8%,+107.3%,,,,,,,,,,,3.89%,,,,,,,,,,,,,,,,,1.14%,,,
CLS,15101Q207,CELESTICA INC,2,$45.0B,+19.4%,-2.3%,+46.2%,+1354.0%,+3861.4%,,0.61%,,,,,,,,,,,,,,,4.32%,,,,,,,,,,,,,,
FTV,34959J108,FORTIVE CORP,2,$16.8B,-6.5%,-8.6%,+15.4%,+1.1%,+4.5%,,,,,,,,,,,,,,,3.47%,,,,,,,,,,,,,,,1.41%,
TER,880770102,TERADYNE INC,2,$62.7B,+13.1%,-17.0%,+197.2%,+303.8%,+274.7%,,,,,,,,4.42%,,,,,,,,,,,,,,,,0.26%,,,,,,,
ELV,036752103,Elevance Health Inc,2,$85.6B,+0.5%,+2.5%,+26.3%,-4.7%,+9.2%,,,,,,,,,,,,,,,,,,,,,,,,,0.38%,4.14%,,,,,
CPAY,219948106,CORPAY INC,2,$26.0B,-2.9%,+18.9%,+33.5%,+55.2%,+49.0%,,,,,,,2.99%,,,,,,,,,,,,,,,,,,,,,,,1.46%,
ICE,45866F104,INTERCONTINENTAL EXCHANGE IN,2,$85.8B,-5.5%,+24.6%,-7.6%,+44.3%,+39.7%,,,,,,,,,,,,,,,0.97%,,,,,,,,,,,3.46%,,,,,
BE,093712107,BLOOM ENERGY CORP,2,$77.4B,+24.7%,-13.2%,+273.8%,+1882.4%,+1317.1%,,,,,,,,,,,,,,,,,3.91%,,,,,,0.34%,,,,,,,,
WULF,88080T104,TERAWULF INC,2,$7.5B,-1.5%,-38.8%,+39.6%,+1100.0%,-35.5%,,,,,,,,3.65%,,,,,,,,,,,,,,,,,,,,,,,0.47%
CLH,184496107,CLEAN HARBORS INC,2,$16.5B,+0.8%,+4.9%,+35.1%,+87.2%,+197.2%,,,,,,2.59%,,,,,,,,,,1.13%,,,,,,,,,,,,,,,
CHYM,16935C109,CHIME FINL INC,2,$10.1B,-19.6%,+30.3%,+25.7%,—,—,,,,,,,0.45%,,,,,,,,,,,3.11%,,,,,,,,,,,,,
MTSI,55405Y100,MACOM TECHNOLOGY SOLUTIONS HOLDINGS INC,2,$21.3B,+5.0%,-26.8%,+115.3%,+241.5%,+335.5%,,,0.50%,,,,,,,,,,,,,,3.02%,,,,,,,,,,,,,,
RTX,75513E101,RTX CORPORATION,2,$252.9B,-11.4%,-0.8%,+16.6%,+176.8%,+140.2%,,,,,,,,,,,,,,,,,,,2.60%,,,,,0.76%,,,,,,,
CNP,15189T107,CENTERPOINT ENERGY INC,2,$24.1B,-6.7%,-16.4%,-3.5%,+47.2%,+65.5%,,,,,2.51%,,,,,,,,,,,,,,,,,,,,,,,,,0.84%,
RGEN,759916109,REPLIGEN CORP,2,$11.0B,+10.1%,+42.3%,+54.5%,+22.1%,-32.2%,,,,,,,,,,,,,,,,,,,2.39%,,,,,,,,,,,,0.89%
CPT,133131102,CAMDEN PPTY TR,2,$11.4B,-7.5%,-14.1%,-4.3%,+15.6%,-22.4%,,,,,,,,,,,,,,,1.47%,,,,1.73%,,,,,,,,,,,,
FLS,34354P105,FLOWSERVE CORP,2,$9.4B,-7.5%,+0.2%,+38.7%,+94.9%,+125.4%,,,,,,2.10%,,,,,,,,,,1.06%,,,,,,,,,,,,,,,
RKT,77311W101,ROCKET COS INC,2,$33.0B,-15.5%,-26.1%,-40.3%,+50.4%,-18.9%,,,,,,2.53%,,,,,,,,,,,,,,,,,,,,,,,,,0.59%
EQIX,29444U700,EQUINIX INC,2,$99.8B,-3.2%,-2.5%,+30.7%,+48.3%,+39.3%,,,,,,,,,,,,,,2.73%,,,,,,,,,,0.37%,,,,,,,
VIAV,925550105,VIAVI SOLUTIONS INC,2,$10.1B,+11.9%,-14.4%,+234.7%,+347.2%,+161.3%,,,,,,,,,,,,,,,,,2.64%,,,,,,,,,,,,,,0.42%
COR,03073E105,CENCORA INC,2,$58.0B,-5.7%,+7.6%,-0.3%,+73.1%,+163.6%,,,,,1.78%,,,,,,,,,,,,,,,,,,,,,,,1.16%,,,
DIS,254687106,DISNEY WALT CO,2,$182.3B,-2.3%,+9.7%,-5.6%,+34.4%,-36.9%,,,,,,,,,,,,,,,1.96%,0.80%,,,,,,,,,,,,,,,
CEG,21037T109,CONSTELLATION ENERGY CORP,2,$92.3B,-5.9%,+5.0%,-20.9%,+143.4%,—,,,,,,,,,,,,,,2.37%,,,,,,,,,,,,,0.34%,,,,
BSX,101137107,BOSTON SCIENTIFIC CORP,2,$63.9B,-5.8%,+3.4%,-55.1%,-16.5%,+0.5%,,,,,,,,,,,,,,,,,,,2.24%,,,0.47%,,,,,,,,,
PRM,71385M107,PERIMETER SOLUTIONS INC,2,$4.6B,-8.9%,-21.8%,+29.8%,+514.1%,—,,,,,,,,,,,,,,,,,,,,,,2.34%,,,,,,,,,0.29%
MNST,61174X109,MONSTER BEVERAGE CORP NEW,2,$82.0B,-10.7%,-12.9%,+28.1%,+58.1%,+87.4%,,,0.38%,,,,,,,,,,,,,,,,2.23%,,,,,,,,,,,,
TTWO,874054109,TAKE-TWO INTERACTIVE SOFTWAR,2,$37.8B,-14.0%,-19.1%,-21.0%,+44.1%,+33.5%,,,,,,,1.89%,,,,,,,,0.67%,,,,,,,,,,,,,,,,
VSEC,918284100,VSE CORP,2,$4.9B,-19.1%,-23.5%,+6.4%,+250.3%,+265.8%,,,,,,2.18%,,,,,,,,,,,,,,,,,,,,,,,,,0.36%
AGX,04010E109,ARGAN INC,2,$5.0B,-15.0%,-55.5%,+33.8%,+709.4%,+777.2%,,,,,,,,1.80%,,,,,,,,,,,,,,,,,,,,,,,0.69%
VOYA,929089100,VOYA FINANCIAL INC,2,$8.7B,-6.4%,+6.5%,+29.7%,+55.2%,+71.9%,,,,,,,,,,,,,,,,,,,1.06%,,,,,,,,,,,1.41%,
INSM,457669307,INSMED INC,2,$25.7B,-0.7%,+10.4%,-14.1%,+366.0%,+348.6%,,,,,,,,,,,,,,,,,,,2.03%,,,,,,,,,,,,0.37%
COP,20825C104,CONOCOPHILLIPS,2,$153.6B,-3.3%,+22.0%,+32.0%,+14.9%,+121.2%,,,,,0.28%,,,,,,,,,,,,,,,,,2.04%,,,,,,,,,
HLT,43300A203,HILTON WORLDWIDE HOLDINGS INC,2,$72.1B,-0.5%,-3.0%,+22.6%,+114.8%,+140.3%,,,,,,,,,,,,,,,,,,,,,,,,,,,,1.58%,0.58%,,
CDNS,127387108,CADENCE DESIGN SYS INC,2,$90.0B,-4.0%,-13.0%,-6.7%,+39.4%,+114.6%,,,,,0.38%,,,,,,,,,,,,,,,,,,,,,,,1.77%,,,
KVYO,49845K101,KLAVIYO INC,2,$4.6B,-23.6%,+2.0%,-51.4%,-55.4%,—,,,,,,,,,,,,,,,,,0.67%,,,,1.48%,,,,,,,,,,
GH,40131M109,Guardant Health,2,$23.8B,+9.8%,+18.2%,+195.4%,+498.3%,+46.4%,,,,,,,,,,,,,,,,,,,,,,,,,0.31%,,,,,,1.81%
KYMR,501575104,KYMERA THERAPEUTICS INC,2,$9.2B,-5.2%,-2.3%,+99.1%,+705.8%,+91.6%,,,,,0.33%,,,,,,,,,,,,,,,,,,,,,,,,,,1.76%
DLR,253868103,DIGITAL RLTY TR INC,2,$65.7B,-3.8%,-0.7%,+6.3%,+60.3%,+43.1%,,,,,,,,,,,,,,,1.18%,,,,,,,,,,,,,,,0.75%,
KO,191216100,COCA COLA CO,2,$375.1B,-2.2%,+7.9%,+36.3%,+69.8%,+90.6%,0.45%,,,,,,,,,,,,,,,,,,1.44%,,,,,,,,,,,,
BPOP,733174700,POPULAR INC,2,$10.1B,-5.9%,-2.7%,+26.9%,+172.9%,+133.0%,,,,,,,,,,,,,,,,,,,,,,,,,,,,,,1.16%,0.63%
APO,03769M106,APOLLO GLOBAL MGMT INC,2,$70.3B,-11.9%,+1.0%,-12.1%,+38.9%,+110.3%,,,,,,,1.34%,,,,,,,,,0.39%,,,,,,,,,,,,,,,
RRX,758750103,REGAL REXNORD CORPORATION,2,$10.4B,-0.6%,-34.3%,+9.7%,+12.3%,+13.2%,,,,,,,,,,,,,,,1.43%,,,,,,,,,,,,,,,,0.26%
ODFL,679580100,OLD DOMINION FREIGHT LINE,2,$36.7B,-10.8%,-18.2%,+28.4%,-12.0%,+23.8%,,,,,,,,,,,,,,,,,,,,,,,,,,,,,0.30%,,1.35%
PR,71424F105,PERMIAN RESOURCES CORP,2,$17.8B,-5.6%,+16.5%,+61.1%,+72.4%,+267.0%,,,,,,,,,,,,,,,,,,,,,,,,,,,,,,0.67%,0.94%
BKNG,09857L108,BOOKING HOLDINGS INC,2,$123.1B,-20.1%,-7.8%,-25.5%,+36.0%,+76.4%,,,,,,,,,,,,,,,,,,,,,,,,,,,0.89%,,0.68%,,
VSAT,92552V100,VIASAT INC,2,$9.9B,+6.4%,-20.2%,+147.7%,+288.1%,+28.5%,,,,,,,,,,,,,,,,,,,,,,0.59%,,,,,,,,0.96%,
CTAS,172908105,CINTAS CORP,2,$80.1B,-1.8%,+18.2%,-0.8%,+71.2%,+116.0%,,,,,,,,,,,,,,,,,,,,,,,,,,,,1.07%,0.48%,,
TDY,879360105,TELEDYNE TECHNOLOGIES INC,2,$28.3B,-1.8%,-8.4%,+5.8%,+49.5%,+41.2%,,,,,,,,,,,,,,,,,,,,,,,,,,,,,0.44%,,1.05%
MCK,58155Q103,MCKESSON CORP,2,$99.8B,-4.1%,+13.4%,+13.0%,+99.5%,+327.7%,,,,,,,,0.27%,,,,,,,,,,,,,,,,,,,,1.22%,,,
SITE,82982L103,SITEONE LANDSCAPE SUPPLY INC,2,$4.0B,-5.7%,-20.5%,-29.6%,-44.4%,-55.5%,,,,,,,,,,,,,,,,,,,,,,,,,,,,,,0.44%,1.03%
BRK-B,084670702,BERKSHIRE HATHAWAY INC DEL,2,$1077.0B,-0.4%,+0.5%,+0.6%,+43.6%,+81.4%,,,,,,,,,,,,,,,,,,,,,,,0.38%,,,1.08%,,,,,
ESAB,29605J106,ESAB CORP,2,$4.2B,-12.0%,-31.7%,-38.6%,-3.4%,—,,,,,,,,,,,,,,,,,,,,,,,,,,,,,,0.93%,0.48%
AZO,053332102,AutoZone,2,$47.1B,-1.6%,-8.8%,-30.6%,+14.7%,+67.7%,,,,,,,,,,,,,,,,,,,,,,,,,0.29%,,,1.12%,,,
MANE,922967104,VERADERMICS INC,2,$4.8B,+17.4%,-6.5%,—,—,—,,,,,,,,,,,,,,,0.55%,,,,0.86%,,,,,,,,,,,,
VEEV,922475108,VEEVA SYS INC,2,$45.3B,+1.2%,+57.8%,-3.6%,+37.6%,-1.1%,,,,,,,,,,,,,1.06%,,,,,,,,,,,,,,,,,,0.32%
YUM,988498101,YUM  BRANDS INC,2,$37.7B,-9.7%,-13.1%,-7.7%,+17.3%,+23.6%,,,,,0.71%,,,,,,,,0.65%,,,,,,,,,,,,,,,,,,
QCOM,747525103,QUALCOMM INC,2,$200.2B,+14.8%,+2.0%,+13.1%,+79.9%,+61.7%,,,,,,,,,,,,,,0.53%,0.80%,,,,,,,,,,,,,,,,
PPL,69351T106,PPL CORP,2,$24.2B,-5.3%,-10.9%,-9.7%,+50.5%,+34.1%,,,,,0.97%,,,,,,,,,,,,,,,,,,,0.34%,,,,,,,
BTSG,10950A106,BRIGHTSPRING HEALTH SVCS INC,2,$11.2B,-4.4%,-18.9%,+106.4%,—,—,,,,,,,,,,,,,,,0.32%,,,,,,,,,,,,,,,,0.99%
GLD,78463V107,SPDR GOLD TR,2,,-7.6%,+2.6%,+9.0%,+120.4%,+134.3%,,,,,,,,,,,,,,,,,,,,,,0.40%,0.91%,,,,,,,,
GSHD,38267D109,GOOSEHEAD INS INC,2,$1.1B,-37.7%,-8.5%,-40.8%,-37.1%,-68.8%,,,,,,0.87%,,,,,0.42%,,,,,,,,,,,,,,,,,,,,
SRRK,80706P103,SCHOLAR ROCK HLDG CORP,2,$6.0B,-15.0%,-10.7%,+26.8%,+592.0%,+56.7%,,,,,,,,,,,,,,,,,,,,,,0.41%,,,,,,,,,0.86%
HWM,443201108,HOWMET AEROSPACE INC,2,$91.1B,-13.8%,-15.0%,+18.5%,+397.7%,+625.9%,,0.34%,,,,,,,,,,,,,,,,,,,,,,,,,,,0.86%,,
CYTK,23282W605,CYTOKINETICS INC,2,$9.2B,-8.2%,-22.3%,+31.3%,+124.6%,+97.0%,,,0.41%,,0.76%,,,,,,,,,,,,,,,,,,,,,,,,,,
PCVX,92243G108,VAXCYTE INC,2,$8.7B,-2.6%,+0.2%,+71.5%,+14.3%,+126.4%,,,,,0.33%,,,,,,,,,,,,,,0.83%,,,,,,,,,,,,
ARES,03990B101,ARES MANAGEMENT CORP,2,$26.9B,-16.1%,+7.4%,-24.4%,+26.3%,+88.5%,,,,,0.26%,,,,,,,,,,,,,,,0.89%,,,,,,,,,,,
WELL,95040Q104,WELLTOWER INC,2,$167.9B,-2.1%,+3.0%,+35.2%,+201.5%,+213.4%,,0.59%,,,,,,,,,,,,,,,,,,,,,,,,,,,0.56%,,
GILD,375558103,GILEAD SCIENCES INC,2,$188.7B,+5.1%,+21.2%,+39.1%,+123.2%,+156.4%,,0.52%,0.63%,,,,,,,,,,,,,,,,,,,,,,,,,,,,
THG,410867105,HANOVER INSURANCE GROUP INC/,2,$7.6B,-4.0%,+2.0%,+23.8%,+109.7%,+85.1%,,,,,,,,,,,,,,,,,,,,,,,,,,,,,,0.80%,0.34%
SBUX,855244109,STARBUCKS CORP,2,$108.6B,-11.7%,-6.2%,+17.2%,+12.6%,-4.4%,,0.51%,,,0.62%,,,,,,,,,,,,,,,,,,,,,,,,,,
OVV,69047Q102,OVINTIV INC,2,$16.5B,-7.4%,+13.6%,+41.1%,+35.5%,+101.3%,,,,,,,,,,,,,,,,,,,,,,,,,,,,,,0.86%,0.27%
SWKS,83088M102,SKYWORKS SOLUTIONS INC,2,$13.2B,+33.1%,+29.2%,+13.7%,-2.1%,-39.4%,,,,,,,,,,,,,,,,,,,,,,,,,,,,,,0.82%,0.29%
GS,38141G104,GOLDMAN SACHS GROUP INC,2,$266.8B,-11.0%,-9.0%,+16.4%,+202.8%,+168.7%,,,,,,,,,,,,,,,,,,,,,,,0.73%,,,,0.35%,,,,
NOVT,67000B104,NOVANTA INC,2,$5.4B,-0.1%,-12.4%,+40.6%,-0.9%,-8.6%,,,,,,,,,,,,,,,,,,,,,,,,,,,,,,0.75%,0.31%
COLB,197236102,COLUMBIA BANKING SYSTEM INC,2,$8.2B,-3.4%,-8.2%,+17.2%,+70.3%,-2.0%,,,,,,,,,,,,,,,,,,,,,,,,,,,,,,0.51%,0.47%
CIFR,17253J106,CIPHER DIGITAL INC,2,$6.9B,+10.3%,-31.7%,+45.9%,+618.5%,+49.5%,,,,0.61%,,,,,,,,,,,,,,,,,,,,,,,,,,,0.36%
ONTO,683344105,ONTO INNOVATION INC,2,$17.6B,+6.6%,-23.7%,+126.3%,+126.4%,+302.1%,,,,,,,,,,,,,,,,,,,,,,,,0.42%,,,,,,0.54%,
IONS,462222100,IONIS PHARMACEUTICALS INC,2,$7.6B,-25.4%,-42.5%,-28.9%,+0.5%,+35.7%,0.66%,,,,,,,,,,,,,,,,,,,,,,,,,,,,,,0.30%
DUOL,26603R106,DUOLINGO INC,2,$6.3B,-8.6%,+16.8%,-58.9%,-19.0%,-20.5%,,,,,,,,,,,,,,,,,0.44%,,,,,,,,0.50%,,,,,,
WAL,957638109,WESTERN ALLIANCE BANCORP,2,$8.4B,-2.5%,-6.4%,-11.5%,+77.3%,-21.5%,,,,,,,,,,,,,,,,,,,,,,,,,,,,,,0.60%,0.29%
SLM,78442P106,SLM CORP,2,$4.3B,-12.9%,-11.3%,-16.1%,+79.0%,+47.7%,,,,,,,,,,,,,,,,,,,,,,,,,,,,,,0.56%,0.31%
W,94419L101,WAYFAIR INC,2,$13.5B,-4.9%,+6.7%,+13.6%,+62.8%,-63.6%,0.31%,,,0.54%,,,,,,,,,,,,,,,,,,,,,,,,,,,
TMUS,872590104,T-MOBILE US INC,2,$178.5B,-8.2%,-0.2%,-28.4%,+25.0%,+36.7%,,,,,,,,,,,,,,,,,,,,,,,,0.29%,,,0.55%,,,,
CMG,169656105,CHIPOTLE MEXICAN GRILL INC,2,$40.4B,-16.3%,-6.3%,-20.5%,-13.1%,-13.8%,,0.31%,,,,,,,,,,,,,,,,,,,,,,,,,,,,0.52%,
LITE,55024U109,LUMENTUM HOLDINGS INC,2,$82.6B,+2.9%,+7.4%,+473.1%,+1939.2%,+997.1%,0.39%,0.44%,,,,,,,,,,,,,,,,,,,,,,,,,,,,,
IBP,45780R101,INSTALLED BUILDING PRODUCTS,2,$5.2B,-20.0%,-14.5%,-20.3%,+64.1%,+90.6%,,,,,,,,,,,,,,,,,,,,,,,,,,,,,,0.35%,0.48%
EQPT,29445S100,EQUIPMENTSHARE COM INC,2,$4.6B,+2.8%,-7.4%,—,—,—,,,,,,,0.38%,,,,,,,,,,,,,,,,,,,,,,,0.45%,
CGON,156944100,CG ONCOLOGY INC,2,$6.2B,-6.4%,-2.0%,+85.4%,—,—,,,,,0.26%,,,,,,,,,,,,,,,,,,,,,,,,,,0.54%
XLF,81369Y605,SELECT SECTOR SPDR TR,2,,-6.4%,+1.5%,+2.2%,+71.2%,+54.9%,,,,,,,,,,,,,,,,,,,,,,,0.25%,0.42%,,,,,,,
SNPS,871607107,SYNOPSYS INC,2,$80.0B,-5.6%,-6.4%,-14.4%,-9.0%,+38.0%,,,,,0.36%,,,,,,,,,0.29%,,,,,,,,,,,,,,,,,
ARM,042068205,ARM HOLDINGS PLC,2,$302.6B,+18.5%,-20.1%,+102.9%,+429.4%,—,,,,,,,,,,,,,,,,,,,,,,,0.36%,0.28%,,,,,,,
VSCO,926400102,VICTORIA'S SECRET and CO,2,$3.7B,-7.3%,-21.5%,+98.1%,—,—,,0.33%,,,,,,,,,,,,,,,,,,,,,,,,,,,,,0.31%
VST,92840M102,VISTRA CORP,2,$46.3B,+0.8%,-12.9%,-33.0%,+326.7%,+787.3%,,,0.29%,,,,,,,,,,,,,,,,,,,,,0.30%,,,,,,,
AMKR,031652100,AMKOR TECHNOLOGY INC,2,$13.2B,+11.3%,-38.2%,+84.5%,+146.7%,+126.1%,,,,,,,,,,,,,,,,,,,,,,,,0.25%,,,,,,,0.30%
